""	"baseMean"	"log2FoldChange"	"lfcSE"	"stat"	"pvalue"	"padj"
"HA_vRNA_100.0:150.0"	250.106300284418	-1.52545588008705	3.33667224829841	-0.457178819665306	0.647542520800501	0.874850957305691
"HA_vRNA_100.0:200.0"	816.178773795185	-0.137560637015639	3.54595527400206	-0.03879367515552	NA	NA
"HA_vRNA_125.0:100.0"	8890.91821311799	0.0372768305543878	0.576854141627174	0.064620894372429	0.948475848175331	0.979138343074521
"HA_vRNA_125.0:1087.0"	82.5429978809131	-6.28003826686521	2.0346528096168	-3.08654048355698	0.00202500369919482	0.092745169423123
"HA_vRNA_125.0:125.0"	44014.8256689576	-0.271511884703619	0.979107500783971	-0.277305489424011	0.78154554484054	0.93972332862282
"HA_vRNA_125.0:1487.0"	60.055836320693	22.8387144074244	3.90756839733521	5.84473823234916	NA	NA
"HA_vRNA_125.0:150.0"	96295.9635977612	0.448060616980297	0.761094380920887	0.588705721934466	0.556058698836865	0.855492093506527
"HA_vRNA_125.0:175.0"	73243.273945173	0.304087045331347	0.534900706880556	0.568492509768266	0.569700590291366	0.855492093506527
"HA_vRNA_125.0:200.0"	44982.5797885989	-0.084417874944093	0.589850203390773	-0.143117480436243	0.886197399665347	0.959447549987497
"HA_vRNA_125.0:225.0"	15253.678426704	0.00535426713807237	0.637729387549599	0.00839582939504407	0.993301176050614	0.996802733769072
"HA_vRNA_125.0:250.0"	15277.6398649333	1.04296551527684	0.724120063531053	1.44032125030619	0.149776531975134	0.700394079619155
"HA_vRNA_125.0:275.0"	38146.9305803408	0.988266870215588	1.10164694555847	0.897081296507926	0.369675538229002	0.778386300673671
"HA_vRNA_125.0:300.0"	9689.34322677928	-0.14466453910367	0.475800742084184	-0.304044374689256	0.761094084316872	0.935899296399864
"HA_vRNA_125.0:325.0"	49383.0170897445	0.693147635431851	0.543824919691956	1.27457865635226	0.202458416004991	0.700394079619155
"HA_vRNA_125.0:350.0"	26937.1770729229	0.622872144861628	0.603778167351044	1.0316241602348	0.302248217757365	0.732432189062821
"HA_vRNA_125.0:375.0"	22833.9360164355	0.483718329028317	0.506919189701961	0.954231638602427	0.339966402914903	0.770945305398429
"HA_vRNA_125.0:400.0"	35980.9796357668	1.06267343159201	0.826342395120853	1.28599650443517	0.198444281626655	0.700394079619155
"HA_vRNA_125.0:425.0"	17134.9491553389	0.104656614308433	0.6741825430495	0.155234832742842	0.876636188567008	0.959447549987497
"HA_vRNA_125.0:450.0"	11580.9955730369	0.959681981024636	0.696939671048922	1.37699433808995	0.168513998353631	0.700394079619155
"HA_vRNA_125.0:475.0"	11917.540201505	1.21486572092529	0.588121591348884	2.0656710088452	0.0388595545161039	0.47112793778236
"HA_vRNA_125.0:481.0"	11645.4440594141	0.988798730006003	0.497795087948062	1.98635694474585	0.0469937037870212	0.497339835979803
"HA_vRNA_125.0:531.0"	8563.68446072357	0.431982851157565	0.657442952539978	0.657065148373153	0.511139027177281	0.832399017073463
"HA_vRNA_125.0:581.0"	1336.7434945274	-1.9640919145419	0.911933403791684	-2.15376682812089	0.0312584623412492	0.433829568251277
"HA_vRNA_125.0:631.0"	4717.24758120018	-0.585034274534422	1.33278154181198	-0.438957365615252	NA	NA
"HA_vRNA_125.0:681.0"	469.159937622814	-3.04290701103299	1.72300518403416	-1.76604634694625	NA	NA
"HA_vRNA_125.0:731.0"	608.763273577435	2.74729415028817	2.58594194861119	1.06239591022669	0.288055989669608	0.729074403319459
"HA_vRNA_125.0:75.0"	2423.96763980245	-1.3228055207983	1.4104987748283	-0.9378281955327	0.348332708704919	0.770945305398429
"HA_vRNA_125.0:781.0"	304.477812059097	-1.19592700962905	2.07215956079925	-0.57714040571652	0.563844610914375	0.855492093506527
"HA_vRNA_125.0:831.0"	315.657688503438	-0.802039401673905	1.50410122626197	-0.533234989553965	0.593870923488056	0.855492093506527
"HA_vRNA_125.0:881.0"	59.9010906967168	-4.30603339999829	1.75907022976004	-2.44790306103111	0.0143690309270243	0.315247275210956
"HA_vRNA_125.0:887.0"	313.265516357577	0.104272926356733	2.37186293756713	0.0439624586670627	0.964934328562447	0.986473041253573
"HA_vRNA_1287.0:1487.0"	16.5829910457113	0.570446678445742	3.73632332874939	0.152675940558035	0.878653834949636	0.959447549987497
"HA_vRNA_150.0:100.0"	9187.78708075311	0.255700490229084	1.34127382383704	0.190640036124458	0.848807621108092	0.95334232505033
"HA_vRNA_150.0:125.0"	8274.20671782297	0.402573243948334	0.752919656550496	0.534682871466957	0.59286916769444	0.855492093506527
"HA_vRNA_150.0:150.0"	13688.2395149137	0.126914225778545	0.501256190468158	0.253192335959005	0.800119588630401	0.93972332862282
"HA_vRNA_150.0:175.0"	6812.74109695721	1.19857449097026	0.786566374764104	1.52380591063242	0.127557202629999	0.682512807240563
"HA_vRNA_150.0:200.0"	4696.05198598767	0.327773610137831	0.81342952636723	0.40295268306975	0.686983033695738	0.9035004874085
"HA_vRNA_150.0:225.0"	2637.17470894276	-0.692602712998065	0.560797260771035	-1.23503226824934	0.216818495096291	0.700394079619155
"HA_vRNA_150.0:250.0"	1136.82198662211	0.185156779694213	1.22388193315737	0.151286471903826	0.879749740311518	0.959447549987497
"HA_vRNA_150.0:275.0"	13345.8911378547	1.69384916404333	0.965997871107321	1.75347090786202	0.0795212089494376	0.627943339635215
"HA_vRNA_150.0:300.0"	2049.68615114151	-0.176488628825654	1.07476723095285	-0.164211025180946	0.869565022085914	0.959447549987497
"HA_vRNA_150.0:325.0"	6284.92295717152	0.263261324593914	1.09179534063839	0.241126990375304	0.809456694545082	0.93972332862282
"HA_vRNA_150.0:350.0"	3130.40171553155	0.493080784670854	1.31100084081639	0.376110197125275	0.706834973759822	0.911916670371827
"HA_vRNA_150.0:375.0"	4693.83896047104	0.582697680647167	1.63519121139493	0.356348344209901	0.721579708870102	0.920566870926202
"HA_vRNA_150.0:400.0"	746.973148962685	-1.02749328177998	0.878379965092501	-1.16975946926541	0.242097778545089	0.724710997213405
"HA_vRNA_150.0:425.0"	2312.22273604728	1.55244195285075	0.808438410949924	1.92029712074988	0.0548203798613786	0.508311813660345
"HA_vRNA_150.0:450.0"	2050.56746792401	0.371482242764358	1.59099729747905	0.233490178363581	0.815380795347523	0.940666005715782
"HA_vRNA_150.0:475.0"	2023.94278076251	2.41677013677781	0.542910158180074	4.45151025517597	8.52684599429803e-06	0.000976323866347124
"HA_vRNA_150.0:481.0"	2264.11193595802	1.80867559360119	1.79031734081932	1.01025418922294	NA	NA
"HA_vRNA_150.0:531.0"	314.010151965433	-3.84720950131617	1.72347006281109	-2.23224620162019	0.0255986953771449	0.390806749424411
"HA_vRNA_150.0:581.0"	350.911804330538	-0.545179523028718	2.58918858009216	-0.210559990577941	0.833230635206739	0.942270693641201
"HA_vRNA_150.0:631.0"	26.4873345264224	-4.16846425078239	2.74330326855771	-1.51950544387824	0.128635318793724	0.682512807240563
"HA_vRNA_150.0:731.0"	89.9424124073906	2.83790287491842	3.70858461028502	0.765225328026239	NA	NA
"HA_vRNA_150.0:75.0"	2348.27328846493	-0.527168909843104	0.857681559483831	-0.614644099565769	0.538789784134873	0.847992168844576
"HA_vRNA_150.0:781.0"	76.6773631301942	-3.49577626332615	3.73369943575207	-0.936276827709352	NA	NA
"HA_vRNA_150.0:881.0"	1344.87917835104	3.87685345420048	3.19675079605212	1.21274810003591	0.225226143689395	0.711321789189087
"HA_vRNA_175.0:100.0"	6390.34177484852	0.616350601707195	0.776108253071753	0.794155453530801	0.42710493805204	0.807543361585575
"HA_vRNA_175.0:1087.0"	14.2817716931555	-3.34298794730816	3.2687815863616	-1.02270153541496	0.306448985219385	0.734835786547008
"HA_vRNA_175.0:125.0"	5637.30817004249	0.0498642869272252	0.729039942362173	0.0683971947622776	0.945469454858153	0.979138343074521
"HA_vRNA_175.0:150.0"	9542.5667650104	0.260608559791885	0.60548291768376	0.430414388549272	0.666894230551661	0.891048329904139
"HA_vRNA_175.0:175.0"	6535.98727546365	0.809863983987281	0.69675181146026	1.1623421291004	0.245096520232971	0.728923417316239
"HA_vRNA_175.0:200.0"	4905.45150629372	1.02478019023957	0.897337644325001	1.14202295726759	0.253444477252678	0.729074403319459
"HA_vRNA_175.0:225.0"	9952.72085983377	1.46593644011738	0.934659284706498	1.56841799370529	0.116783614511668	0.682512807240563
"HA_vRNA_175.0:250.0"	5519.08947702916	0.717656337877637	0.683363687422328	1.05018213739841	0.293634380489079	0.729074403319459
"HA_vRNA_175.0:275.0"	13643.6384159475	0.608018718535429	0.591579136717696	1.02778931980081	0.304048941251285	0.732917974174151
"HA_vRNA_175.0:300.0"	9692.18929110832	0.469518251148548	0.96104496168928	0.4885497243784	0.625160514117272	0.86164416337733
"HA_vRNA_175.0:325.0"	22409.4286735017	0.547941952755571	0.610816792417181	0.897064323636558	0.369684594478771	0.778386300673671
"HA_vRNA_175.0:350.0"	12254.092222506	0.362487116798339	0.653194530590885	0.554945119443101	0.578932199073704	0.855492093506527
"HA_vRNA_175.0:375.0"	10008.7835385862	0.684175045424194	0.458456017642743	1.49234609012667	0.135608439866575	0.682512807240563
"HA_vRNA_175.0:400.0"	7191.33395301712	0.415001745866441	0.465099684994244	0.892285587919882	0.372239877109772	0.778386300673671
"HA_vRNA_175.0:425.0"	5702.49725876572	0.85895701690979	0.693126481829303	1.23925003506261	0.215252916097513	0.700394079619155
"HA_vRNA_175.0:450.0"	5809.2126658217	0.772000125479146	0.69001960019593	1.11880898058539	0.263221639610564	0.729074403319459
"HA_vRNA_175.0:475.0"	5738.58210276475	1.5553490503337	0.67013865821702	2.32093616934723	0.0202902890979503	0.347343309018776
"HA_vRNA_175.0:481.0"	4504.20235225305	0.374010779592363	0.877462532671932	0.426241310216945	0.66993201865879	0.891944373679435
"HA_vRNA_175.0:531.0"	2901.94846099599	0.525471123292922	1.03824223200305	0.506116113461449	0.612775139389911	0.858813929517744
"HA_vRNA_175.0:581.0"	1585.09887929712	1.47026199352948	1.71014197029713	0.85973095746783	0.389937365722678	0.778386300673671
"HA_vRNA_175.0:631.0"	631.862601356678	-0.948195547587546	1.77433117585112	-0.534396036372809	0.593067560691427	0.855492093506527
"HA_vRNA_175.0:681.0"	1359.67038641516	-0.302543634606041	1.1258789191669	-0.268717736388482	0.788146901984648	0.93972332862282
"HA_vRNA_175.0:731.0"	110.070239277458	-1.15132997451551	1.34167323939301	-0.858129938580569	0.390820717378174	0.778386300673671
"HA_vRNA_175.0:75.0"	29981.8784787331	1.05295988978523	0.882964915052815	1.19252744003112	0.233054497936205	0.713818741103834
"HA_vRNA_175.0:781.0"	199.35685627543	-1.70151683542419	1.13347139404815	-1.50115551601817	0.133315342542775	0.682512807240563
"HA_vRNA_175.0:831.0"	186.994286297761	1.71700217114247	1.99677772039301	0.859886482910338	0.389851620320552	0.778386300673671
"HA_vRNA_175.0:881.0"	370.639605451143	2.02863224910864	1.8750578253914	1.08190383338454	NA	NA
"HA_vRNA_175.0:887.0"	33.8921092439394	-2.10953216768136	2.88090849200379	-0.732245461296861	0.464018761030525	0.818711560396723
"HA_vRNA_200.0:100.0"	8288.75474106549	0.945586741176082	0.877348399196731	1.07777792954524	0.281132871157724	0.729074403319459
"HA_vRNA_200.0:1087.0"	63.6514429301124	1.93938717239725	3.60660922834225	0.537731439590609	0.59076247067497	0.855492093506527
"HA_vRNA_200.0:125.0"	4640.45973252069	0.318222645288004	0.798265816103442	0.398642455769103	0.69015667400791	0.9035004874085
"HA_vRNA_200.0:150.0"	13326.0434314828	1.09890765369284	0.850503849663836	1.2920666427638	0.196334066584652	0.700394079619155
"HA_vRNA_200.0:175.0"	4689.14088213094	0.0134303502202837	0.743387732509432	0.018066413572561	0.985585871662928	0.996464302917486
"HA_vRNA_200.0:200.0"	7299.93254474915	0.30409384860604	0.537218003486551	0.566052974085879	0.571357769730921	0.855492093506527
"HA_vRNA_200.0:225.0"	7024.95951853744	1.06839573784248	0.765815332292716	1.39510883732752	0.162983021646708	0.700394079619155
"HA_vRNA_200.0:250.0"	8974.58027678321	0.347108406539089	0.527980718614323	0.657426292857947	0.510906849996887	0.832399017073463
"HA_vRNA_200.0:275.0"	21784.0950855361	0.665334977011863	1.050952340365	0.633078162974346	0.526682601666857	0.834673465617372
"HA_vRNA_200.0:300.0"	8051.78601053384	0.585045768476691	0.91985273120772	0.636021124499522	0.524762653474679	0.834518386428483
"HA_vRNA_200.0:325.0"	19312.7678400457	0.593619724103157	0.500615400366729	1.18577998932573	0.235709195973376	0.714932528184148
"HA_vRNA_200.0:350.0"	21278.8809545249	1.11930275476977	0.714774170175163	1.56595299812732	0.117359621111825	0.682512807240563
"HA_vRNA_200.0:375.0"	5950.01910246663	0.171330459509809	0.657511635107149	0.260574034529273	0.794421015519648	0.93972332862282
"HA_vRNA_200.0:400.0"	4134.20858405103	-0.510912397204364	0.762023303956721	-0.670468205567347	0.502559368005643	0.832399017073463
"HA_vRNA_200.0:425.0"	3159.71839767523	0.0279419710024161	0.587465858438324	0.0475635657818396	0.962064069441968	0.985739024170965
"HA_vRNA_200.0:450.0"	3398.12841725742	-0.750488060159577	0.795691062938948	-0.943190259530615	0.345583594697304	0.770945305398429
"HA_vRNA_200.0:475.0"	6783.70610849698	1.00024921839276	1.23030255609794	0.813010761812262	NA	NA
"HA_vRNA_200.0:481.0"	2545.80454614723	0.996001230605865	0.736235283540342	1.35283007059426	0.176109923753156	0.700394079619155
"HA_vRNA_200.0:531.0"	1908.17676785422	0.0420720458714644	1.10059230080961	0.0382267310433806	0.969506908177269	0.988926017822367
"HA_vRNA_200.0:581.0"	1790.22001860709	-0.59129604072774	1.49478679779236	-0.395572158919934	0.692420679214811	0.9035004874085
"HA_vRNA_200.0:631.0"	1430.95726985257	1.34915034234642	1.44498059631704	0.933680594594229	0.350468677889381	0.770945305398429
"HA_vRNA_200.0:681.0"	296.528719825888	-0.95537000826488	1.76539902496988	-0.541163779265812	0.588394700666843	0.855492093506527
"HA_vRNA_200.0:731.0"	109.142394771031	0.781846522458345	2.6251296172249	0.297831587944544	0.765831704302533	0.935899296399864
"HA_vRNA_200.0:75.0"	176383.117564554	1.08418332392634	0.902704958506383	1.2010384054168	0.229736303974451	0.711321789189087
"HA_vRNA_200.0:781.0"	85.7226032986169	0.0138880520482074	3.46578353280484	0.00400718969224481	0.996802733769072	0.996802733769072
"HA_vRNA_200.0:831.0"	17.9662253610581	-1.81632543586321	3.17106300525255	-0.572781251225425	0.566792815159966	0.855492093506527
"HA_vRNA_200.0:881.0"	7.56414176907603	0.576794696493363	3.73183704894491	0.154560525802282	0.877167791791265	0.959447549987497
"HA_vRNA_200.0:887.0"	8.16951005492453	-3.42011794080433	3.65993752994983	-0.934474403679568	0.350059233438721	0.770945305398429
"HA_vRNA_200.0:987.0"	4.51486591561197	-4.58235657531557	3.91120841574965	-1.1715961125629	0.241359249564236	0.724710997213405
"HA_vRNA_225.0:100.0"	21640.5977628022	0.590437620694961	0.806930221619691	0.731708399159744	0.464346568786911	0.818711560396723
"HA_vRNA_225.0:1087.0"	331.679474858363	1.41173551328635	2.38261616999	0.59251487128633	0.553505865411703	0.855492093506527
"HA_vRNA_225.0:125.0"	34586.403142834	0.955654462696082	0.710839190484095	1.34440317231984	0.178818048552589	0.700394079619155
"HA_vRNA_225.0:150.0"	19494.6932683674	0.336246754393052	0.602991208849757	0.557631271332236	0.577096198129378	0.855492093506527
"HA_vRNA_225.0:175.0"	28321.7057775831	0.726558350486149	1.11066833303404	0.6541631996488	0.513006667846257	0.832399017073463
"HA_vRNA_225.0:200.0"	12937.7469706648	1.0397242262504	0.620596993940863	1.6753613639796	0.0938633523067554	0.659533667302182
"HA_vRNA_225.0:225.0"	7938.2535539412	0.950411375290748	0.608142137218147	1.56281125270855	0.118096996652629	0.682512807240563
"HA_vRNA_225.0:250.0"	18757.4755366635	0.226526272670368	0.683370093197677	0.331484030286414	0.740278901768684	0.931449826950706
"HA_vRNA_225.0:275.0"	15009.0345518473	0.70706712467558	0.65424501067364	1.08073751139126	0.279813891984186	0.729074403319459
"HA_vRNA_225.0:300.0"	12394.907239478	0.623956849594086	0.637762061087165	0.978353664579003	0.327899436631971	0.757459417867572
"HA_vRNA_225.0:325.0"	27163.0319752455	-0.146375500257766	0.535926049927998	-0.27312630217813	0.784756128894735	0.93972332862282
"HA_vRNA_225.0:350.0"	12594.613455261	0.514543140689079	0.751953309925389	0.684275385050347	0.493801287299665	0.828428533271966
"HA_vRNA_225.0:375.0"	5844.02876016485	0.146787595625437	0.785585578223191	0.186851184255999	0.851777314326331	0.95334232505033
"HA_vRNA_225.0:400.0"	30429.4323816002	0.785990076243144	1.44785019296363	0.542866990012471	NA	NA
"HA_vRNA_225.0:425.0"	3822.57757114315	0.117581427330385	0.52542867282661	0.223781901162418	0.8229270136263	0.942270693641201
"HA_vRNA_225.0:450.0"	11832.349585724	0.820277379744238	0.911838140920149	0.899586607461368	0.368340286931213	0.778386300673671
"HA_vRNA_225.0:475.0"	4520.66235265976	0.658999884649972	0.586744281064442	1.12314666868921	0.261375208367866	0.729074403319459
"HA_vRNA_225.0:481.0"	3456.03860062877	0.572465974805159	1.19925287780395	0.477352179344734	0.633111360541275	0.863053953921723
"HA_vRNA_225.0:531.0"	4115.07706120221	0.190388753043511	0.876456688807387	0.217225512081581	0.828032603572883	0.942270693641201
"HA_vRNA_225.0:581.0"	767.196263432088	-0.967264019821124	0.786367713583038	-1.2300403527681	0.21868199429157	0.700394079619155
"HA_vRNA_225.0:631.0"	1133.60815033123	1.0774108610752	0.776825634410329	1.38694040637966	0.165459935415914	0.700394079619155
"HA_vRNA_225.0:681.0"	558.854632621737	-0.685181834280415	0.896497782658708	-0.764287260419539	0.444696075529841	0.809036623830011
"HA_vRNA_225.0:731.0"	308.989668328872	1.49082244502797	1.63432894716768	0.912192400196786	0.36166744388852	0.778386300673671
"HA_vRNA_225.0:75.0"	121455.850931934	0.912381789355388	0.645270572757225	1.41395226727418	0.157375917951098	0.700394079619155
"HA_vRNA_225.0:781.0"	114.789597502263	-2.06823918110911	2.22697737395495	-0.928720338741505	0.353034037529073	0.770945305398429
"HA_vRNA_225.0:831.0"	332.71274657047	0.948129805428764	1.86784781851382	0.507605489071994	0.611730040385964	0.858813929517744
"HA_vRNA_225.0:881.0"	413.00361169273	1.3029589442768	2.29573026268161	0.567557506845267	0.570335467795328	0.855492093506527
"HA_vRNA_225.0:887.0"	50.6065498587102	-1.16261981114605	2.85998677673575	-0.406512302994984	0.684366219068375	0.9035004874085
"HA_vRNA_250.0:100.0"	2049.48123361148	-1.46583172281972	0.829069740763841	-1.76804393013936	0.0770535598446375	0.627943339635215
"HA_vRNA_250.0:125.0"	2552.06660711277	0.450971232221424	0.461372002959495	0.977456866321852	0.328343021977738	0.757459417867572
"HA_vRNA_250.0:150.0"	2912.65671221243	-0.732614880453205	0.879292163329007	-0.833187091852973	0.404739221371452	0.790467530124639
"HA_vRNA_250.0:175.0"	1074.6033379795	-1.58017801001652	0.942669495415991	-1.67627998752543	0.0936833629632914	0.659533667302182
"HA_vRNA_250.0:200.0"	3201.64468876455	0.771403844829627	1.19230992741862	0.64698265701749	0.517643167962573	0.832399017073463
"HA_vRNA_250.0:225.0"	1474.96409907183	-1.05733023432464	0.793376675267665	-1.33269639414081	0.182631457068443	0.700394079619155
"HA_vRNA_250.0:250.0"	2291.79008341382	-0.197396832920951	0.861665111503513	-0.229087647028571	0.818800794424916	0.942238100117114
"HA_vRNA_250.0:275.0"	1548.636374263	-1.30978943220454	1.00955775974492	-1.29738929700811	0.194497273274991	0.700394079619155
"HA_vRNA_250.0:300.0"	1358.69437253321	-0.472228811830341	0.923825015689811	-0.511166945915329	0.609234161855829	0.858813929517744
"HA_vRNA_250.0:325.0"	4401.93993914075	0.89884021335813	0.835263354687717	1.07611594392787	0.28187540588108	0.729074403319459
"HA_vRNA_250.0:350.0"	1442.23493279556	0.157840102388644	0.796164020785601	0.198250735109705	0.842848894274646	0.950799984181744
"HA_vRNA_250.0:375.0"	362.611354384783	0.373968493792549	1.5766833926929	0.237186803340288	0.812511873656412	0.93972332862282
"HA_vRNA_250.0:400.0"	1359.3861607702	2.4017095508145	0.896945771673961	2.67765301611514	0.00741399791819069	0.212225690408209
"HA_vRNA_250.0:425.0"	765.833216756789	0.739133925238914	2.04777887208211	0.360944209023599	NA	NA
"HA_vRNA_250.0:450.0"	440.88011113952	-1.76673579427518	1.42736513620338	-1.23776022649291	0.215804980180125	0.700394079619155
"HA_vRNA_250.0:475.0"	208.30932917863	-1.54020412097487	1.79916747566786	-0.856064897684492	0.391961883483179	0.778386300673671
"HA_vRNA_250.0:481.0"	216.564393209153	-1.61656398481566	1.72715220921285	-0.935970770956207	0.349288237099143	0.770945305398429
"HA_vRNA_250.0:531.0"	874.58048725614	-0.250247354978126	2.01525119376679	-0.124176755608504	0.901175326112691	0.959447549987497
"HA_vRNA_250.0:581.0"	320.878129022343	1.79547039885881	1.97533923860234	0.908942810314043	NA	NA
"HA_vRNA_250.0:631.0"	69.2218518138398	3.68996247301255	3.66311147416303	1.00733010694294	NA	NA
"HA_vRNA_250.0:681.0"	57.0669168642728	-3.64716018711728	2.59636489730174	-1.40471787725507	0.160105187582156	0.700394079619155
"HA_vRNA_250.0:731.0"	13.7368288711095	-6.12445670814046	2.90018268724561	-2.11174859262298	0.034708018720866	0.459888710056708
"HA_vRNA_250.0:75.0"	19613.900144511	0.950993098568884	0.900735385059846	1.05579631303782	0.291061283057694	0.729074403319459
"HA_vRNA_250.0:781.0"	39.8257692568091	-3.10679338240938	3.56679385207054	-0.871032504613597	0.38373640538867	0.778386300673671
"HA_vRNA_275.0:100.0"	27951.0214795151	0.339350119605417	0.637747898059441	0.532106998138297	0.594651890755084	0.855492093506527
"HA_vRNA_275.0:125.0"	6827.52557615889	0.199176288020043	0.788130065594961	0.252720073392562	0.800484534972077	0.93972332862282
"HA_vRNA_275.0:150.0"	7783.67186313743	-0.470627628674154	0.481137602048635	-0.978155992527438	0.327997178181449	0.757459417867572
"HA_vRNA_275.0:175.0"	12215.6293431449	1.43498925127535	0.936168876211326	1.53283161589685	0.125317348581027	0.682512807240563
"HA_vRNA_275.0:200.0"	9927.46952399193	0.383111559282109	0.811675808046618	0.472000711964185	0.636926280405114	0.863053953921723
"HA_vRNA_275.0:225.0"	8132.26992079712	1.08049421214651	0.769732591329489	1.40372672836974	0.160400240083095	0.700394079619155
"HA_vRNA_275.0:250.0"	3438.30152820009	-0.932800308875736	0.713314327985312	-1.30769882543975	0.190975481895732	0.700394079619155
"HA_vRNA_275.0:275.0"	27081.4428034697	1.07038612473406	1.4851798619183	0.720711445246452	0.471087069135117	0.823503349862151
"HA_vRNA_275.0:300.0"	3234.87035603769	0.569987527443989	0.515730458417814	1.10520431388254	0.269071068049268	0.729074403319459
"HA_vRNA_275.0:325.0"	17778.6796018629	0.268189641226971	0.823858734839906	0.325528673649477	0.744780984897132	0.931993691483296
"HA_vRNA_275.0:350.0"	4480.19892026417	1.20388010075182	0.802662260152017	1.49985885785114	0.133650967191603	0.682512807240563
"HA_vRNA_275.0:375.0"	1496.87737030077	-0.31718979859096	0.588328116410834	-0.539137582827104	0.589791924801096	0.855492093506527
"HA_vRNA_275.0:400.0"	2458.00427456235	0.740241416452997	1.36566911280217	0.542035702143193	0.587793911263911	0.855492093506527
"HA_vRNA_275.0:425.0"	1359.83507036355	-0.340198393478391	1.35701269004809	-0.250696545414276	0.802048731768246	0.93972332862282
"HA_vRNA_275.0:450.0"	1570.93980422188	-1.19743813799613	0.607909022711279	-1.96976536498102	0.0488652677272732	0.497339835979803
"HA_vRNA_275.0:475.0"	2210.33599073927	1.17242177838386	0.87873214180507	1.33421974980396	0.182131848783448	0.700394079619155
"HA_vRNA_275.0:481.0"	1519.42695326347	1.81657997203528	1.86144239034033	0.975899109992415	0.329114463221936	0.757459417867572
"HA_vRNA_275.0:531.0"	684.182499771866	-1.44682836296466	1.92233758887443	-0.752640104078602	0.451666211463643	0.816106710144089
"HA_vRNA_275.0:581.0"	330.657128649203	-2.45692114350046	1.02264589274459	-2.40251406760805	0.01628280826768	0.327640891694123
"HA_vRNA_275.0:631.0"	217.477305545841	-0.658109152663121	1.35221910442691	-0.486688252302158	0.626479271625875	0.86164416337733
"HA_vRNA_275.0:681.0"	1129.64396524977	2.96798412615069	1.87519762783136	1.58275804219267	NA	NA
"HA_vRNA_275.0:731.0"	59.0868441109203	-0.92569578446298	2.92791864821967	-0.316161716113886	0.751879764548176	0.934377075711496
"HA_vRNA_275.0:75.0"	35994.0376394537	0.726012967449987	0.68076404552234	1.06646784921335	0.286212204858603	0.729074403319459
"HA_vRNA_275.0:781.0"	165.149643731039	2.47158183156251	2.62930036729741	0.940015017798436	0.347209857463213	0.770945305398429
"HA_vRNA_275.0:831.0"	7.86427066501006	-3.12296211832041	3.79269251904935	-0.823415582105555	0.410271704973772	0.796205257957574
"HA_vRNA_275.0:881.0"	118.10736371272	-7.1517916236706	2.90954833482723	-2.45804186789537	0.0139696886907581	0.315247275210956
"HA_vRNA_275.0:887.0"	577.733124571105	0.39417657992606	2.33070013201879	0.169123678550889	NA	NA
"HA_vRNA_300.0:100.0"	11080.9364637605	0.610407824391047	0.799453897203103	0.76353098849923	0.44514678865756	0.809036623830011
"HA_vRNA_300.0:1087.0"	34.4510785133081	-6.98174670755686	3.51746312299043	-1.98488128046704	NA	NA
"HA_vRNA_300.0:125.0"	6073.27013465681	0.624081879276925	0.601321368078559	1.03785082720592	0.299339509414803	0.729241996340317
"HA_vRNA_300.0:150.0"	10877.4254217858	0.291574352625448	0.506677775670073	0.575463078560819	0.564978154075269	0.855492093506527
"HA_vRNA_300.0:175.0"	5874.0992721945	0.294142922702673	0.95015909224821	0.309572286475404	0.756886233818701	0.934377075711496
"HA_vRNA_300.0:200.0"	4902.02179876291	0.0952579838399361	0.619827305205118	0.153684716758989	0.877858335868789	0.959447549987497
"HA_vRNA_300.0:225.0"	5391.72899909556	0.38784523893059	0.711461740311748	0.545138574508089	0.58565821411235	0.855492093506527
"HA_vRNA_300.0:250.0"	1905.12726112956	-0.156740959847746	0.954087352880771	-0.164283657439209	0.869507846373251	0.959447549987497
"HA_vRNA_300.0:275.0"	2887.18317300683	-0.895046800779	0.671641674403858	-1.33262546814629	0.182654743085907	0.700394079619155
"HA_vRNA_300.0:300.0"	711.887499352388	-0.328220248062993	1.03141127727961	-0.318224412795532	0.750314715814368	0.934377075711496
"HA_vRNA_300.0:325.0"	4341.11067117476	0.627531868409017	0.842124064745155	0.745177456244433	0.456164449338181	0.816106710144089
"HA_vRNA_300.0:350.0"	1025.84196585834	-0.338201837343766	1.21671688504798	-0.277962639871172	0.781041038061319	0.93972332862282
"HA_vRNA_300.0:375.0"	1347.82365550935	0.880139824501041	1.35366985927621	0.650187945361833	0.515570826713668	0.832399017073463
"HA_vRNA_300.0:400.0"	676.976429259725	-0.932569411524811	0.55063092707869	-1.69363790819461	0.0903341099771517	0.659533667302182
"HA_vRNA_300.0:425.0"	1028.63428912262	0.342034709026269	1.31647525904256	0.259810966196982	0.795009591567048	0.93972332862282
"HA_vRNA_300.0:450.0"	1027.85024084804	-0.7228350318463	0.966291353792645	-0.748050812013592	0.454429509449098	0.816106710144089
"HA_vRNA_300.0:475.0"	821.845244667802	0.334913686248957	1.51833168679247	0.220580054517913	0.825419432732879	0.942270693641201
"HA_vRNA_300.0:481.0"	612.16898368429	0.527942636578855	1.37833902172877	0.383028143480032	0.701698896962191	0.907847725448259
"HA_vRNA_300.0:531.0"	386.068569212393	-1.07364866285951	0.786124276296747	-1.36574927811315	0.172017671499191	0.700394079619155
"HA_vRNA_300.0:581.0"	831.529334637848	0.256252977870417	1.77152388391633	0.144651156101782	NA	NA
"HA_vRNA_300.0:631.0"	408.643353118975	1.53747304420105	2.0101627620152	0.764850027696126	0.444360853792378	0.809036623830011
"HA_vRNA_300.0:681.0"	196.509013586741	-4.23722806638909	2.36150620395442	-1.79429046567555	0.0727668191004304	0.619363148260206
"HA_vRNA_300.0:731.0"	20.1638557766869	-0.324894379204111	3.23142304354564	-0.100542199156823	0.919913882463348	0.969670906222181
"HA_vRNA_300.0:75.0"	15509.8377959522	0.0562514055624928	0.662760538140165	0.0848744038387457	0.932361241121427	0.972985434404744
"HA_vRNA_300.0:781.0"	26.8354601720671	-1.62126889956364	2.52978377288434	-0.64087251920157	0.521605511672558	0.834518386428483
"HA_vRNA_300.0:831.0"	16.686186060948	-6.4086118036698	2.92226278759957	-2.19303063053204	0.0283051722818264	0.418186093712145
"HA_vRNA_300.0:881.0"	11.5738280828636	-4.71195368581959	3.50876070891178	-1.34291109503474	NA	NA
"HA_vRNA_325.0:100.0"	17433.4536302354	0.507124236717014	0.577279954758198	0.878471931230369	0.379687663602651	0.778386300673671
"HA_vRNA_325.0:1087.0"	94.0092295825076	-2.05519115469185	2.65726690004227	-0.773422931154999	0.439272123219305	0.809036623830011
"HA_vRNA_325.0:125.0"	12469.4320993459	0.437021406150987	0.622570139437884	0.701963326647133	0.482702034452164	0.827047654024479
"HA_vRNA_325.0:150.0"	19158.7710895284	-0.29497286840172	0.66479321787831	-0.443706193849461	0.657255016786888	0.884002643355895
"HA_vRNA_325.0:175.0"	20059.0687231947	0.408481053933136	0.84683813722111	0.482360248055859	0.629550054995357	0.863053953921723
"HA_vRNA_325.0:200.0"	24120.1241409789	0.817340565280022	0.525264797702325	1.55605433460481	0.119695172584755	0.682512807240563
"HA_vRNA_325.0:225.0"	20391.8628533138	0.745805482433758	0.556143969164025	1.3410295243421	0.179910866985123	0.700394079619155
"HA_vRNA_325.0:250.0"	6287.38258514851	-0.529642680133695	0.636834211101156	-0.831680633516664	0.40558923488928	0.790467530124639
"HA_vRNA_325.0:275.0"	6801.66657054019	-0.353515731580726	0.722396718037285	-0.48936508535256	0.624583250012331	0.86164416337733
"HA_vRNA_325.0:300.0"	2496.78505843165	-0.594345239944481	0.836794472427852	-0.710264299691254	0.477540253883743	0.825904125464851
"HA_vRNA_325.0:325.0"	5756.54382601253	-0.613508816620691	0.876485231009086	-0.69996480820831	0.483949282267599	0.827047654024479
"HA_vRNA_325.0:350.0"	5860.9897687462	0.909286182390605	1.11460043521516	0.815795646280258	0.414617023738506	0.797876457446369
"HA_vRNA_325.0:375.0"	3017.68248411894	2.28607565508411	1.19917823078607	1.90636854171841	0.056602407197986	0.508311813660345
"HA_vRNA_325.0:400.0"	2023.07557435651	0.417525034868748	0.883025003199329	0.472834895224929	0.636330976256204	0.863053953921723
"HA_vRNA_325.0:425.0"	3043.55629876448	0.863495588501132	0.756200307685048	1.14188738053353	0.253500834769494	0.729074403319459
"HA_vRNA_325.0:450.0"	1824.91252441137	-0.444175880662644	1.68781085261051	-0.263166858997052	0.792421973390068	0.93972332862282
"HA_vRNA_325.0:475.0"	862.489166414515	-2.49208846172762	0.916367056371767	-2.71953083035821	0.00653746003546162	0.212225690408209
"HA_vRNA_325.0:481.0"	1660.17967494922	0.868124032083952	0.967424588785509	0.897355765139051	0.369529108583339	0.778386300673671
"HA_vRNA_325.0:531.0"	230.914217285629	-1.26524717589527	1.59399619316259	-0.793757965873768	0.427336347559037	0.807543361585575
"HA_vRNA_325.0:581.0"	702.730751786024	-0.665283292566193	0.971446839269219	-0.684837569770322	0.493446424819683	0.828428533271966
"HA_vRNA_325.0:631.0"	464.456702929821	-1.25456329880573	1.19100308207565	-1.05336696242575	0.292172839733407	0.729074403319459
"HA_vRNA_325.0:681.0"	613.6003184339	-0.0854484352079067	1.62588520296651	-0.0525550235969931	NA	NA
"HA_vRNA_325.0:731.0"	94.4615391494246	-3.98764025614533	2.36182547137255	-1.68837211067419	0.0913398206560152	0.659533667302182
"HA_vRNA_325.0:75.0"	21381.7041899278	0.805027129354145	0.47243933784938	1.70397988664271	0.0883848449212058	0.659533667302182
"HA_vRNA_325.0:831.0"	764.199506712658	2.64962389542263	1.94091639837152	1.36514066120814	0.172208844291733	0.700394079619155
"HA_vRNA_325.0:881.0"	224.929841220038	0.790106223560092	2.99099693584954	0.264161495483337	NA	NA
"HA_vRNA_325.0:887.0"	181.174806967132	-0.452333964109983	1.88911143337507	-0.239442711593697	0.810762313966467	0.93972332862282
"HA_vRNA_350.0:100.0"	3370.87919309946	-0.273815676341329	0.663194747373973	-0.41287371081503	0.679699142969915	0.902325239073104
"HA_vRNA_350.0:125.0"	4034.29790577156	-0.0278306023771653	0.573215735879726	-0.0485517068620825	0.961276556881887	0.985739024170965
"HA_vRNA_350.0:150.0"	8999.15322546591	-0.196275830056318	0.739659083797602	-0.265359858826565	0.790732255998163	0.93972332862282
"HA_vRNA_350.0:175.0"	6947.96882656141	0.523013479111635	0.681182625425789	0.767802142317874	0.442604741576049	0.809036623830011
"HA_vRNA_350.0:200.0"	8468.04617430795	1.40692622372439	0.7185968754608	1.95787968438104	0.0502441322793635	0.500256795303228
"HA_vRNA_350.0:225.0"	3221.9256958725	-0.21600527796198	0.726734670347006	-0.2972271542499	0.766293092030456	0.935899296399864
"HA_vRNA_350.0:250.0"	3204.61642068926	0.438963042518958	1.02122902291504	0.429838001730466	0.66731348724262	0.891048329904139
"HA_vRNA_350.0:275.0"	3252.19341810302	-0.234302342748377	1.2422810376074	-0.188606551702372	0.850401197462918	0.95334232505033
"HA_vRNA_350.0:300.0"	1557.23671740578	0.794479167772465	1.02863552549985	0.772362171126067	0.439899952396907	0.809036623830011
"HA_vRNA_350.0:325.0"	4752.98151864448	0.793371815403561	0.597682411733418	1.32741368965936	0.184371873674488	0.700394079619155
"HA_vRNA_350.0:350.0"	2027.19408766415	0.235042599479209	0.961923997343899	0.244346331028457	0.806962603704553	0.93972332862282
"HA_vRNA_350.0:375.0"	1034.61458295301	0.559337202166873	1.10927032134952	0.504238859907827	0.614093535888617	0.858813929517744
"HA_vRNA_350.0:400.0"	1534.71765707134	0.189910840227881	1.37955896365579	0.13766054603757	NA	NA
"HA_vRNA_350.0:425.0"	651.995580424291	-2.84789262218771	0.805554551541565	-3.53531938555593	0.000407282564126758	0.0310892357283425
"HA_vRNA_350.0:450.0"	1744.39037375814	2.00889142513083	0.773157979909875	2.59829359242338	0.0093688351736005	0.252407441735825
"HA_vRNA_350.0:475.0"	1370.82580477846	1.61745542144914	1.01929994993535	1.58682968791643	0.112551222997774	0.682512807240563
"HA_vRNA_350.0:481.0"	2698.85492230015	1.1216135099373	1.27357151823337	0.88068356890796	0.378489112558874	0.778386300673671
"HA_vRNA_350.0:531.0"	1127.4874617039	1.55681588240268	1.68011620941244	0.926612024621269	NA	NA
"HA_vRNA_350.0:581.0"	1270.32647769832	1.83475744127952	1.59912698416227	1.14734943469213	NA	NA
"HA_vRNA_350.0:631.0"	569.949054589722	0.589068132389714	1.14740688592893	0.513390794158265	0.607677983859102	0.858813929517744
"HA_vRNA_350.0:681.0"	25.0302165395931	-5.75372969759604	2.25284884572568	-2.55397946849055	0.0106499536241316	0.270982153325127
"HA_vRNA_350.0:731.0"	120.253319665293	-3.50185053579078	1.43180247043059	-2.44576371958462	0.0144545693874019	0.315247275210956
"HA_vRNA_350.0:75.0"	12250.0302792197	0.962895814695841	1.03778138730343	0.927840705640161	0.353490205532031	0.770945305398429
"HA_vRNA_350.0:781.0"	68.951968076081	-1.59582174275069	2.98603814700239	-0.534427781625193	0.593045602202895	0.855492093506527
"HA_vRNA_350.0:831.0"	140.901620398543	-1.41741617290894	2.7645322365969	-0.512714648122085	0.608150941659953	0.858813929517744
"HA_vRNA_350.0:881.0"	24.6997809987867	-5.10337942651837	3.79853074931797	-1.34351404880286	NA	NA
"HA_vRNA_375.0:100.0"	2722.97577381277	-0.57489805352398	0.874819192722714	-0.657162140824455	0.511076666018258	0.832399017073463
"HA_vRNA_375.0:125.0"	3491.23882934189	1.75897113890979	1.05366691401615	1.66938063206836	0.0950419695238952	0.659533667302182
"HA_vRNA_375.0:150.0"	3168.97237616443	0.952373483224325	0.850656236077694	1.11957503258383	0.262894900073666	0.729074403319459
"HA_vRNA_375.0:175.0"	2633.94769948638	0.00423653006396071	0.737571250950072	0.00574389261851461	0.995417061961071	0.996802733769072
"HA_vRNA_375.0:200.0"	2067.18993771392	-0.2835921791296	0.582050769072165	-0.487229283420875	0.626095855451971	0.86164416337733
"HA_vRNA_375.0:225.0"	9270.95597715362	0.0434915004299352	2.15168046789683	0.0202128062594936	0.983873612055417	0.996464302917486
"HA_vRNA_375.0:250.0"	835.006499836116	-0.0837092617617683	1.04280633391337	-0.0802730660904504	0.936020079215592	0.972985434404744
"HA_vRNA_375.0:275.0"	738.236525515636	-0.482134112865638	1.806552844233	-0.266880713954611	0.789561006278409	0.93972332862282
"HA_vRNA_375.0:300.0"	637.990320451572	0.669345397144558	1.32546543653495	0.504988948557096	NA	NA
"HA_vRNA_375.0:325.0"	659.223694533051	-1.86832961104073	0.799126747710517	-2.33796405437994	0.0193891129106916	0.347343309018776
"HA_vRNA_375.0:350.0"	222.011845729569	-1.06608942520235	2.23382103718859	-0.477249254731747	0.633184641255533	0.863053953921723
"HA_vRNA_375.0:375.0"	63.6064185186002	-0.195710351450147	2.47096124316602	-0.0792041364434292	0.936870254525092	0.972985434404744
"HA_vRNA_375.0:400.0"	194.433576471964	2.14394547922386	2.5141542495447	0.852750176172413	0.393797859107982	0.778386300673671
"HA_vRNA_375.0:450.0"	85.1155709626215	-1.41701686420674	1.83060193157882	-0.774071544316914	0.438888483940554	0.809036623830011
"HA_vRNA_375.0:475.0"	154.735746312434	-1.51985835845442	2.65261443928843	-0.57296617855331	0.56666759425398	0.855492093506527
"HA_vRNA_375.0:481.0"	87.5845122042918	-2.74956752105899	2.6228535668134	-1.04831148633263	0.29449511924476	0.729074403319459
"HA_vRNA_375.0:531.0"	174.242739182021	-6.34317543808497	1.93380434762315	-3.28015367525748	0.00103750556810975	0.0678825071706092
"HA_vRNA_375.0:581.0"	28.9739973185046	1.94290700338988	3.35924813109097	0.578375555353478	NA	NA
"HA_vRNA_375.0:631.0"	7.34458477020976	0.5014108002831	3.7504026353732	0.133695191965223	0.893643607286805	0.959447549987497
"HA_vRNA_375.0:681.0"	75.7101486713503	-4.15949621397024	2.4421586445921	-1.70320475419604	0.0885297572907215	0.659533667302182
"HA_vRNA_375.0:75.0"	80858.1110890707	1.36296233559115	1.91347814396129	0.71229574264671	NA	NA
"HA_vRNA_375.0:781.0"	75.1974280466244	23.1524100496807	3.90740581346759	5.92526375680809	NA	NA
"HA_vRNA_400.0:100.0"	4424.04468960288	0.0898831052103795	0.724275939731391	0.124100636621609	0.901235594106018	0.959447549987497
"HA_vRNA_400.0:125.0"	7982.20260878361	0.628058207692894	0.915251616332482	0.686213710509024	0.492578353221033	0.828428533271966
"HA_vRNA_400.0:150.0"	9201.27770686052	0.931952661599068	0.668632287235934	1.39381941223879	0.163372144590864	0.700394079619155
"HA_vRNA_400.0:175.0"	6198.71971366189	0.631377579145083	0.57296019480204	1.10195714270033	0.270480304090744	0.729074403319459
"HA_vRNA_400.0:200.0"	3352.64845886958	-0.0770404891177934	0.759176636091831	-0.101479004299171	0.919170223652656	0.969670906222181
"HA_vRNA_400.0:225.0"	4923.22958124542	0.510019691458766	0.641066089604244	0.79558051771795	0.426275894081475	0.807543361585575
"HA_vRNA_400.0:250.0"	2253.64695778544	-0.0258199022262303	0.726580788643836	-0.035536175233071	0.971652200917173	0.988926017822367
"HA_vRNA_400.0:275.0"	3678.17934869734	0.553765528273452	1.5903343517775	0.348206984056224	0.727684743092169	0.923212222537988
"HA_vRNA_400.0:300.0"	650.528279849388	-0.943950743431415	1.28477903879985	-0.734718356172115	0.462511038652693	0.818711560396723
"HA_vRNA_400.0:325.0"	3168.20195997815	0.0184046382929905	0.963618953447988	0.0190994980195602	0.984761731880139	0.996464302917486
"HA_vRNA_400.0:350.0"	777.889549431148	0.0153112375360367	1.71306962334459	0.00893789565081607	0.99286868600294	0.996802733769072
"HA_vRNA_400.0:375.0"	196.833612952366	-1.96862221757452	1.98831358689379	-0.9900964468336	0.322126979921232	0.757459417867572
"HA_vRNA_400.0:400.0"	722.179476691297	-0.491841616686334	1.6703773905655	-0.294449397761439	0.768414525011015	0.935994288444269
"HA_vRNA_400.0:425.0"	688.688247451932	-0.715987184405283	0.58548267402402	-1.22290072135578	0.221367196085744	0.70407066532827
"HA_vRNA_400.0:450.0"	306.973916940802	0.0176519928237819	1.73591685087344	0.0101686856803655	0.991886702514312	0.996802733769072
"HA_vRNA_400.0:475.0"	308.924161240109	-1.76590867578048	1.1992289247939	-1.47253676030535	0.14087598781171	0.686395770401734
"HA_vRNA_400.0:481.0"	433.654682503026	1.38076941287465	0.722034271812374	1.91233223515663	0.0558335937209251	0.508311813660345
"HA_vRNA_400.0:531.0"	354.898219115162	1.5359599105841	2.66066162472977	0.577284949092355	NA	NA
"HA_vRNA_400.0:581.0"	140.014287593572	-1.66447100432948	2.1560107568177	-0.772014239291765	0.440105993960887	0.809036623830011
"HA_vRNA_400.0:631.0"	54.4729955873754	-1.4015549883708	2.37994645613229	-0.588901899351342	0.555927083557002	0.855492093506527
"HA_vRNA_400.0:681.0"	60.0551573391013	-2.94032397762217	2.67058390673285	-1.10100415501242	0.270894848799145	0.729074403319459
"HA_vRNA_400.0:731.0"	96.6589837727658	1.00525398969651	2.77132556367444	0.362733993751229	0.716803603417955	0.919635003041281
"HA_vRNA_400.0:75.0"	17937.9027215234	0.970704801865713	1.01486706504098	0.956484681889358	0.338827419758837	0.770945305398429
"HA_vRNA_400.0:781.0"	125.408037060795	-1.8006153332083	2.76882121323342	-0.650318382639647	0.515486585309214	0.832399017073463
"HA_vRNA_400.0:831.0"	35.1977726004953	-0.325430953833565	2.25429958954571	-0.144360117591622	0.885216108420012	0.959447549987497
"HA_vRNA_400.0:887.0"	1.35042509318394	-2.54299161229268	3.93368139644151	-0.646466085075706	0.517977554292439	0.832399017073463
"HA_vRNA_425.0:100.0"	6534.31914438688	1.18489222379099	0.903734550667137	1.3111064780209	0.189821792471001	0.700394079619155
"HA_vRNA_425.0:125.0"	16291.1431158363	0.614142012822356	1.15537582334494	0.531551725779018	0.59503650702427	0.855492093506527
"HA_vRNA_425.0:150.0"	13641.7176393002	1.07515617194084	0.958541883275528	1.12165800023971	0.262007880615922	0.729074403319459
"HA_vRNA_425.0:175.0"	4599.57639452618	0.674684954564993	0.60495323510684	1.11526795033312	0.264735615192442	0.729074403319459
"HA_vRNA_425.0:200.0"	5320.37230378749	0.901847522873563	0.684823093709985	1.31690582744204	0.187870192911252	0.700394079619155
"HA_vRNA_425.0:225.0"	2510.77754002668	0.161915679042113	0.902336010157337	0.179440560079034	0.857591785853135	0.95334232505033
"HA_vRNA_425.0:250.0"	1793.11567976216	0.955768002759511	1.35137777398749	0.707254493271219	NA	NA
"HA_vRNA_425.0:275.0"	1178.67513344587	-0.361982352750817	1.40854431382265	-0.256990390148559	0.797186191551949	0.93972332862282
"HA_vRNA_425.0:300.0"	628.84258561707	0.0766419547533779	1.20315250263875	0.0637009477894841	0.949208350054775	0.979138343074521
"HA_vRNA_425.0:325.0"	1412.22225628763	0.170029225975813	0.937593713808006	0.181346380070366	0.856095703455711	0.95334232505033
"HA_vRNA_425.0:350.0"	859.226687394478	0.431801167724086	1.18202159475066	0.365307342642224	NA	NA
"HA_vRNA_425.0:375.0"	1490.64019034316	0.723830496748235	1.09980850621093	0.658142297191336	0.510446698965357	0.832399017073463
"HA_vRNA_425.0:400.0"	398.203650699964	-1.89216255202464	1.74573467067494	-1.08387751232155	0.278419111507029	0.729074403319459
"HA_vRNA_425.0:425.0"	419.594166110568	-0.234602622606518	1.79832678073289	-0.130456057886714	0.896205617697143	0.959447549987497
"HA_vRNA_425.0:450.0"	151.412452208822	-1.72634411365402	2.01814906477817	-0.855409614573629	0.392324422785777	0.778386300673671
"HA_vRNA_425.0:475.0"	145.950253754205	-3.55147948076426	2.49406456025677	-1.42397255362091	0.154454417320583	0.700394079619155
"HA_vRNA_425.0:481.0"	241.353543175991	1.76981764578986	3.32704376921083	0.531949011963153	0.594761310272434	0.855492093506527
"HA_vRNA_425.0:531.0"	199.336633676905	-0.190775724096223	2.15520023569629	-0.088518793259406	0.929464348108039	0.972985434404744
"HA_vRNA_425.0:581.0"	74.0256959203271	-3.51780685952489	2.0493227456081	-1.71657044604804	0.0860576862487896	0.659533667302182
"HA_vRNA_425.0:631.0"	93.253290449702	-5.70931632800311	2.34971786303567	-2.42978802596626	NA	NA
"HA_vRNA_425.0:681.0"	557.275170904486	3.08359050096138	2.56427773213057	1.20251814470944	0.229162840426253	0.711321789189087
"HA_vRNA_425.0:731.0"	28.3409041244634	0.97175217250213	2.95673791563402	0.328656850972114	0.742415071987956	0.931578364302696
"HA_vRNA_425.0:75.0"	15541.0618307326	1.06746573256383	1.34591688885662	0.793114152442693	0.427711318012388	0.807543361585575
"HA_vRNA_425.0:781.0"	114.416566916434	-4.65694366870917	1.94144829449194	-2.39869569636304	0.0164535818973031	0.327640891694123
"HA_vRNA_425.0:831.0"	1.83932181946382	1.94654336757564	3.8648420214025	0.50365405799155	0.614504497910158	0.858813929517744
"HA_vRNA_425.0:881.0"	50.5805635645267	-3.41908727551301	3.73761026949624	-0.914778970781734	NA	NA
"HA_vRNA_450.0:100.0"	2252.77524992694	-0.217980131750997	0.981355623553834	-0.222121447637518	0.824219342070012	0.942270693641201
"HA_vRNA_450.0:125.0"	2679.96420901455	0.331733082804772	0.835568728153014	0.397014717793536	0.691356607423395	0.9035004874085
"HA_vRNA_450.0:150.0"	4091.9259443209	0.864690697512643	0.998980042923628	0.865573545375369	0.386724068238309	0.778386300673671
"HA_vRNA_450.0:175.0"	3276.09285831947	0.358147213049502	0.994831939378254	0.36000775495139	0.718841334254975	0.919635003041281
"HA_vRNA_450.0:200.0"	5208.69431077454	0.825307109361754	1.19469617599836	0.690809199813565	0.48968545336614	0.828428533271966
"HA_vRNA_450.0:225.0"	2952.20509345073	-0.172894224578409	0.80774131746877	-0.214046528064467	0.830510773743831	0.942270693641201
"HA_vRNA_450.0:250.0"	681.002640423941	-1.62557749592695	0.691973386709825	-2.34919077402123	0.0188142643752745	0.347343309018776
"HA_vRNA_450.0:275.0"	2044.50090291774	1.3483109091439	1.89921431051711	0.709930891778503	0.47774699266103	0.825904125464851
"HA_vRNA_450.0:300.0"	1431.32712951664	0.645609368476852	1.11217527083276	0.580492468595749	0.561582564168447	0.855492093506527
"HA_vRNA_450.0:325.0"	1310.63419561139	-0.936240240744459	1.02466335590876	-0.913705204100055	0.360871768760979	0.778386300673671
"HA_vRNA_450.0:350.0"	239.612572217857	-2.78908616444937	0.870227762181712	-3.20500710923881	0.00135059144661631	0.0773213603187837
"HA_vRNA_450.0:375.0"	286.798593486643	-1.15071173732722	1.76382993751577	-0.652393812380754	0.514147154978108	0.832399017073463
"HA_vRNA_450.0:400.0"	307.864919171358	-0.902063689437471	2.85480749045812	-0.315980566974312	NA	NA
"HA_vRNA_450.0:425.0"	317.653097230798	-2.23178259897386	1.81236087116607	-1.231422855393	0.218164753155539	0.700394079619155
"HA_vRNA_450.0:450.0"	660.507300011233	1.97506064298409	1.57748277079156	1.25203309953935	0.210557803226269	0.700394079619155
"HA_vRNA_450.0:475.0"	244.169193070826	0.895116823253403	2.68562850641007	0.333298824136299	0.738908726897653	0.931449826950706
"HA_vRNA_450.0:481.0"	328.662712211019	0.467604965540245	1.8870368877931	0.24779852930544	0.80429029289387	0.93972332862282
"HA_vRNA_450.0:531.0"	47.244986654351	-0.300421265847035	2.46214355135696	-0.122016145517374	0.902886231538452	0.959447549987497
"HA_vRNA_450.0:581.0"	102.5524912391	-4.01710222799836	1.97670066377111	-2.03222587092909	0.042130794981222	0.49310121149141
"HA_vRNA_450.0:631.0"	6.13671113233912	-3.25226228129103	3.81783619445384	-0.85186008923473	0.394291750559589	0.778386300673671
"HA_vRNA_450.0:681.0"	80.7358583932969	-4.69330459358289	2.61804947613643	-1.79267223036175	0.0730253493581902	0.619363148260206
"HA_vRNA_450.0:731.0"	142.594972803709	0.48532422135911	3.38351385752056	0.143437929264092	0.885944329447043	0.959447549987497
"HA_vRNA_450.0:75.0"	8160.95618129088	-0.299941786516604	0.59644320833415	-0.502884067293403	0.61504578358476	0.858813929517744
"HA_vRNA_450.0:831.0"	10.873266394735	-5.87055722529383	3.90589569788035	-1.50299897370011	0.132839308646384	0.682512807240563
"HA_vRNA_475.0:100.0"	3799.88954951928	0.929581291728952	0.71205407223426	1.3054925573449	0.191725179823695	0.700394079619155
"HA_vRNA_475.0:125.0"	2947.44374944268	0.107036931443196	0.580071252739603	0.184523764861082	0.85360258558027	0.95334232505033
"HA_vRNA_475.0:150.0"	4551.74096269891	1.16011536292	0.612501789609979	1.8940603645562	0.0582169979083453	0.512757404654272
"HA_vRNA_475.0:175.0"	1350.58106439625	-0.756904254824841	1.43060798033515	-0.529078731021423	0.596750835101496	0.855492093506527
"HA_vRNA_475.0:200.0"	5382.68963865873	0.702680537860131	1.58822274943907	0.442431981350413	0.658176640577205	0.884002643355895
"HA_vRNA_475.0:225.0"	1796.78106408402	2.15137457201907	1.06341908069327	2.0230731337043	0.0430656079905162	0.49310121149141
"HA_vRNA_475.0:250.0"	171.381693705736	-1.94500510255227	1.10691962630573	-1.7571330892773	0.0788951268441177	0.627943339635215
"HA_vRNA_475.0:275.0"	282.79003007741	-1.57884117954308	1.17425060307896	-1.34455215556479	0.178769902824984	0.700394079619155
"HA_vRNA_475.0:300.0"	248.904009554556	-1.94168128673913	2.26559132666662	-0.85703068505119	0.391427926505138	0.778386300673671
"HA_vRNA_475.0:325.0"	420.53029605601	-0.267238421381488	1.11553720056548	-0.239560295475599	0.810671148138901	0.93972332862282
"HA_vRNA_475.0:350.0"	107.760521038067	-1.40077130706293	1.91620377655815	-0.731013749267817	0.464770754810367	0.818711560396723
"HA_vRNA_475.0:375.0"	484.967865627835	2.05339042458422	1.55912289152944	1.31701640437715	0.187833125918831	0.700394079619155
"HA_vRNA_475.0:400.0"	160.175591679122	0.14396280753574	2.69404125481525	0.0534374918269812	0.957383333715025	0.985351835598835
"HA_vRNA_475.0:425.0"	192.321358270092	-1.45619003491562	2.5735173199189	-0.565836500747355	0.571504931038451	0.855492093506527
"HA_vRNA_475.0:450.0"	406.244411540432	0.429780796598518	1.38317741253548	0.310719935637682	0.756013540485332	0.934377075711496
"HA_vRNA_475.0:475.0"	166.504041707791	0.291112524207819	3.47711893799092	0.0837223371990904	0.933277196977374	0.972985434404744
"HA_vRNA_475.0:481.0"	23.9555849433382	-2.37777969151528	2.8397100089428	-0.837331869813183	0.402406049990472	0.790467530124639
"HA_vRNA_475.0:531.0"	239.814770191869	3.28746540318987	3.34933067211558	0.981529065063429	NA	NA
"HA_vRNA_475.0:581.0"	115.294050983368	3.12810626036012	2.79988492560915	1.11722672305168	0.263897397351197	0.729074403319459
"HA_vRNA_475.0:631.0"	301.079634291217	2.42176498483639	2.72128001534582	0.88993597541583	NA	NA
"HA_vRNA_475.0:731.0"	46.9308230622039	-5.62438787639855	3.20325033702776	-1.75583775372902	0.0791161159324797	0.627943339635215
"HA_vRNA_475.0:75.0"	55865.8165242032	0.192836853660434	1.86398768150827	0.103453931360961	0.917602710687121	0.969670906222181
"HA_vRNA_475.0:781.0"	19.3888711639724	-5.84429514245371	2.9627316433236	-1.97260361248836	0.048540741116776	0.497339835979803
"HA_vRNA_475.0:881.0"	27.5677860131147	1.71229693206656	3.31364626638776	0.51674101410141	NA	NA
"HA_vRNA_481.0:100.0"	98.8477610237581	-5.5073121256428	2.46392847738115	-2.23517532111825	0.0254058410089652	0.390806749424411
"HA_vRNA_481.0:125.0"	6573.46839517737	1.94521201388278	1.81072342161902	1.07427340402076	0.282700161529726	0.729074403319459
"HA_vRNA_481.0:150.0"	1413.0519821067	-0.460691917162942	1.27637839546964	-0.360936787082981	0.718146702530359	0.919635003041281
"HA_vRNA_481.0:175.0"	765.381709373123	1.64919446416319	2.08274798810191	0.791835821512982	0.428456412369639	0.807543361585575
"HA_vRNA_481.0:200.0"	1338.58222946559	-0.463309154605601	2.28429937149357	-0.202823307832314	NA	NA
"HA_vRNA_481.0:225.0"	430.999826411466	1.38503182584384	2.6247734112293	0.527676720557437	0.597723733454342	0.855492093506527
"HA_vRNA_481.0:250.0"	116.294454146303	-2.70186271552813	3.07828996515642	-0.877715467389648	NA	NA
"HA_vRNA_481.0:275.0"	1493.00102742577	2.03206968830102	1.9537163850096	1.04010474800365	0.298291238017702	0.729241996340317
"HA_vRNA_481.0:300.0"	58.6934793989674	4.6358767459295	3.74413403260941	1.23817061717168	NA	NA
"HA_vRNA_481.0:325.0"	173.597699206771	-7.86719511207705	1.24814701908174	-6.30309970845015	2.91751067460518e-10	1.33621988896917e-07
"HA_vRNA_481.0:350.0"	157.554405169588	-2.47525731227422	1.88640286285938	-1.31215731326991	0.189467061324825	0.700394079619155
"HA_vRNA_481.0:400.0"	162.87356088304	-2.32126066508895	3.29274494686053	-0.704962182783748	0.480833770816183	0.827047654024479
"HA_vRNA_481.0:425.0"	148.226538664597	1.12462459066193	2.8883946972959	0.389359733873906	0.697010054235541	0.906905127386017
"HA_vRNA_481.0:450.0"	2.19040520597285	-1.54228439160089	3.83843709273228	-0.401800095804893	0.687831151640106	0.9035004874085
"HA_vRNA_481.0:681.0"	8.72509320130823	6.76358547076082	3.91231149319697	1.72879523589108	NA	NA
"HA_vRNA_481.0:731.0"	14.8439897320958	20.8955177394358	3.91002772189688	5.34408429444556	NA	NA
"HA_vRNA_481.0:75.0"	979.73019940841	0.180341660228021	1.81787182816684	0.0992048270036067	0.920975642372596	0.969670906222181
"HA_vRNA_531.0:100.0"	93.6849583206158	-4.09999349885695	3.27927336478225	-1.25027499777506	0.211199108414567	0.700394079619155
"HA_vRNA_531.0:125.0"	1703.37590467737	2.22426676697711	2.71405195091078	0.819537284918474	0.412479938455032	0.797113130010147
"HA_vRNA_531.0:150.0"	62.5980070885078	-5.15242984224521	3.23376165354951	-1.59332393486381	0.111087539942192	0.682512807240563
"HA_vRNA_531.0:175.0"	801.977732041258	1.01596392223439	3.36186281784434	0.302202670746048	0.762497568410209	0.935899296399864
"HA_vRNA_531.0:225.0"	210.329394076272	-2.54208637755369	3.26003450062268	-0.77977284506288	0.435524592697131	0.809036623830011
"HA_vRNA_531.0:450.0"	4.03350956406531	2.1024405902457	3.79446213327336	0.554081320725157	0.579523193121841	0.855492093506527
"HA_vRNA_531.0:475.0"	8.08459127589508	-2.40444615993706	3.77039625830017	-0.637717097942664	0.523657853475437	0.834518386428483
"HA_vRNA_531.0:75.0"	183.632629505165	-2.47654466721147	3.31826179278327	-0.74633793891657	0.455463298776733	0.816106710144089
"HA_vRNA_581.0:100.0"	615.352457726466	1.69293318413672	1.75701390667242	0.963528619612887	NA	NA
"HA_vRNA_581.0:125.0"	39.2005148904768	-1.43217927251465	2.01791535239155	-0.709732086044784	0.477870290934903	0.825904125464851
"HA_vRNA_581.0:150.0"	255.317306334967	-1.22107010940376	1.96855066930592	-0.620288889914267	0.53506760812034	0.845037808686605
"HA_vRNA_581.0:175.0"	67.5738591217919	-1.26845882313648	1.99890722857813	-0.63457613490085	NA	NA
"HA_vRNA_581.0:200.0"	39.3545628326651	-1.0312117670941	3.71632298763671	-0.277481739484078	0.781410225317395	0.93972332862282
"HA_vRNA_581.0:225.0"	5.12019160808186	-4.65199554294781	3.90704245376312	-1.19066931009853	0.233783430492522	0.713818741103834
"HA_vRNA_581.0:250.0"	17.1218151974826	-0.126926612075011	3.73582845877844	-0.0339754925782953	NA	NA
"HA_vRNA_581.0:275.0"	164.900271578327	1.75125946969325	3.3598817044086	0.521226526337332	NA	NA
"HA_vRNA_581.0:300.0"	65.2945257470181	-5.93730935087314	2.11167751678386	-2.81165533263611	0.00492872861619103	0.188113142184624
"HA_vRNA_581.0:481.0"	177.709861887653	2.91860987195507	3.72728789792229	0.783038485860455	NA	NA
"HA_vRNA_581.0:581.0"	13.2799564311621	-3.51980651477008	3.19068881634101	-1.10314941925502	0.269962282656055	0.729074403319459
"HA_vRNA_581.0:75.0"	4006.88781840001	2.91870611567355	1.75336623320749	1.66463004727441	NA	NA
"HA_vRNA_631.0:100.0"	202.058537995163	-1.30028151781206	1.20548721005198	-1.07863568105048	0.280750168578692	0.729074403319459
"HA_vRNA_631.0:125.0"	120.908867853545	-0.300494880771838	2.13322985113058	-0.140863808282347	0.88797753380833	0.959447549987497
"HA_vRNA_631.0:150.0"	3080.02795509075	-0.648221014282789	2.3547771668334	-0.275279131891061	NA	NA
"HA_vRNA_631.0:175.0"	243.287035337162	1.04603485793648	1.94824912747956	0.536910215014305	NA	NA
"HA_vRNA_631.0:200.0"	94.7401563216274	-1.84317127021259	2.7929818050917	-0.659929565904235	NA	NA
"HA_vRNA_631.0:225.0"	1863.88635161572	0.315673282127139	1.49316021303525	0.21141286740118	0.832565116920649	0.942270693641201
"HA_vRNA_631.0:275.0"	106.319989042935	-0.59738909531219	1.91824886151986	-0.311424188641962	0.755478167652789	0.934377075711496
"HA_vRNA_631.0:300.0"	345.211666776557	2.15693209741743	3.40807693608927	0.632888323199795	NA	NA
"HA_vRNA_631.0:325.0"	19.5260073806869	0.265028458872254	3.73440904845652	0.070969316813806	NA	NA
"HA_vRNA_631.0:400.0"	7.35743940741339	1.28211117798472	3.75391427047385	0.341539813007738	0.732697238238414	0.927003688157993
"HA_vRNA_631.0:450.0"	81.2836247964668	-2.94725958336157	2.65136597480499	-1.11160043968594	0.266309983413868	0.729074403319459
"HA_vRNA_631.0:475.0"	18.4148197951193	-3.09358539209978	3.75372827438572	-0.82413674245135	NA	NA
"HA_vRNA_631.0:631.0"	35.3547183527218	3.54480049651069	3.08619711264207	1.1485982155806	NA	NA
"HA_vRNA_631.0:731.0"	1.47319053694138	-2.6941849932133	3.93024524139386	-0.68550047840216	0.493028158853738	0.828428533271966
"HA_vRNA_631.0:75.0"	1179.3450579636	1.53964409316917	2.74907586361014	0.560058786863481	NA	NA
"HA_vRNA_681.0:375.0"	87.4427978134988	3.16796865484094	3.73035712886564	0.849240044693599	NA	NA
"HA_vRNA_75.0:100.0"	713.967679634205	-1.82101572114995	0.951771956338741	-1.91328995251657	0.055710943286624	0.508311813660345
"HA_vRNA_75.0:125.0"	1294.18988546817	0.135681636852148	1.05716768729886	0.128344479766331	0.897876366385225	0.959447549987497
"HA_vRNA_75.0:150.0"	3814.79000229469	-0.321513923940399	1.07081432267408	-0.300251796350186	NA	NA
"HA_vRNA_75.0:175.0"	6868.51555193797	1.06352774157324	1.00773628832414	1.05536314797384	0.291259270425558	0.729074403319459
"HA_vRNA_75.0:200.0"	23298.8942776686	-0.0885148383522776	0.64563372392659	-0.13709760669556	0.8909536441877	0.959447549987497
"HA_vRNA_75.0:225.0"	28537.309060186	0.596456440895818	0.670920491432207	0.88901210875609	0.373996572198483	0.778386300673671
"HA_vRNA_75.0:250.0"	3095.33878703101	1.14241712992343	1.26519434031177	0.90295782515271	0.366548278953548	0.778386300673671
"HA_vRNA_75.0:275.0"	1630.9075029701	0.797792722533245	1.2115414132202	0.658493976209003	0.510220766497951	0.832399017073463
"HA_vRNA_75.0:300.0"	2606.32462644067	-0.915619872468763	0.980782193966952	-0.933560864074593	0.350530460896562	0.770945305398429
"HA_vRNA_75.0:325.0"	4747.34257467701	-0.140160229490583	1.51945081036337	-0.0922440058833258	0.926504175424651	0.972985434404744
"HA_vRNA_75.0:350.0"	1366.75562135307	-1.71562986756574	1.25722882216955	-1.3646122625515	0.172374948576008	0.700394079619155
"HA_vRNA_75.0:375.0"	2253.14298679806	-2.11680330237007	1.18001148461028	-1.7938836443352	NA	NA
"HA_vRNA_75.0:400.0"	3647.02470423436	-2.05583565991381	1.91131488629031	-1.07561327265336	0.282100248963623	0.729074403319459
"HA_vRNA_75.0:425.0"	2360.06330631943	0.0982006778856791	0.73372562866639	0.133838418679974	0.893530346765879	0.959447549987497
"HA_vRNA_75.0:450.0"	1068.48661472566	-1.67286572901805	1.39321767513638	-1.20072100639572	0.229859442794727	0.711321789189087
"HA_vRNA_75.0:475.0"	1227.88413064433	-0.0446749035475349	1.74233863310096	-0.0256407696522368	NA	NA
"HA_vRNA_75.0:481.0"	1399.80144718682	-0.964903122127724	1.12777869892828	-0.855578424246408	0.392231008384545	0.778386300673671
"HA_vRNA_75.0:531.0"	522.216161505406	-1.69455908027328	1.97400113071304	-0.858438758675472	NA	NA
"HA_vRNA_75.0:581.0"	2229.00772645471	-1.14066637474324	2.32324641568465	-0.490979504818084	0.623440943410232	0.86164416337733
"HA_vRNA_75.0:631.0"	584.601625277306	-6.74571611728639	1.27228787017187	-5.30203602143525	1.14518237315424e-07	1.7483117563488e-05
"HA_vRNA_75.0:681.0"	31.8680921589269	-4.59956969359091	2.81860986061053	-1.63185751879638	0.102709504964035	0.682512807240563
"HA_vRNA_75.0:731.0"	6.6742313590845	-5.04853998055776	3.9051007459905	-1.29280659039111	0.196077960470113	0.700394079619155
"HA_vRNA_75.0:75.0"	803.205120234439	1.19424546774446	1.64198355177477	0.727318776399213	0.467030698446386	0.8195404593427
"HA_vRNA_75.0:831.0"	14.4139345330204	-6.18412084740583	3.90175310640031	-1.58495954991658	NA	NA
"HA_vRNA_75.0:881.0"	2.68570582177729	1.32718147629778	3.80485568175062	0.348812566706116	0.727230028408036	0.923212222537988
"HA_vRNA_75.0:887.0"	59.5036287847703	-7.33998123842714	3.16719945162412	-2.3174988978554	0.0204765706190108	0.347343309018776
"HA_vRNA_781.0:200.0"	8.05738247467396	1.44638778196545	3.75274600214889	0.385421177222553	0.699925395076487	0.907847725448259
"HA_vRNA_831.0:150.0"	55.7792399583546	-2.42930454785396	3.73167255604149	-0.650996171655249	NA	NA
"HA_vRNA_831.0:481.0"	14.8646078696816	20.8936813329582	3.91003010669274	5.34361136943543	9.11128055106142e-08	1.7483117563488e-05
"HA_vRNA_831.0:681.0"	82.7918638352078	-4.32883572013305	3.73844150747038	-1.15792522404936	NA	NA
"HA_vRNA_887.0:325.0"	21.3130636669821	2.51327296649234	3.74083687295099	0.671847784827281	NA	NA
"HA_vRNA_100.0:175.0"	25.9481555217542	-8.07178514371996	3.90829394376739	-2.06529633130388	0.0388949704927856	0.47112793778236
"HA_vRNA_100.0:275.0"	9.38171460980589	-6.60474554713194	3.91099035711533	-1.68876549007998	NA	NA
"HA_vRNA_100.0:325.0"	3.01820778301281	-4.97087342345704	3.91985809536788	-1.2681258613242	0.204753007450455	0.700394079619155
"HA_vRNA_100.0:375.0"	77.1417143558578	-9.64344786469886	3.49677313032496	-2.75781341976929	0.00581894005844183	0.205005734366643
"HA_vRNA_100.0:400.0"	22.2592823997195	-22.0070201749759	3.90854732655012	-5.63048578828402	NA	NA
"HA_vRNA_100.0:531.0"	37.9791146029112	-22.7302509687499	3.90780976928159	-5.81662166552406	NA	NA
"HA_vRNA_100.0:75.0"	5.57831679501972	-5.85542776815755	3.91386438654248	-1.49607323858512	0.134634570832926	0.682512807240563
"HA_vRNA_1187.0:100.0"	1.50910389150641	-3.974042162095	3.932833869863	-1.01047801498756	0.312266327296727	0.74102579223783
"HA_vRNA_1187.0:75.0"	7.4800157024128	-6.27819977495255	3.91206269495797	-1.60483107365436	0.108530985546383	0.682512807240563
"HA_vRNA_125.0:987.0"	6.73405944732759	-6.12671713796763	3.91264862390764	-1.56587460998446	0.117377974942406	0.682512807240563
"HA_vRNA_1287.0:100.0"	4.94441715922202	-5.68161898578128	3.91477208152727	-1.4513281660997	0.146688501836562	0.700394079619155
"HA_vRNA_150.0:681.0"	74.893711187132	-9.6004439283894	3.55864909934362	-2.69777762864008	0.00698040518474541	0.212225690408209
"HA_vRNA_150.0:831.0"	21.3757654827958	-7.79220676524591	3.90862085330792	-1.99359494248496	0.0461963385231401	0.497339835979803
"HA_vRNA_150.0:887.0"	1.77491898023355	-4.20692362860385	3.92896305509405	-1.07074654803624	0.284283406815794	0.729074403319459
"HA_vRNA_175.0:987.0"	4.77882898977028	-5.63263441874779	3.9150482205145	-1.43871393185741	0.150231590403582	0.700394079619155
"HA_vRNA_225.0:987.0"	25.8048927771077	-8.06379119097519	3.9083024385808	-2.06324646510809	0.0390892175452613	0.47112793778236
"HA_vRNA_250.0:831.0"	2.78915839750986	-4.85712222329586	3.92092954670379	-1.23876804350619	0.215431411625736	0.700394079619155
"HA_vRNA_275.0:987.0"	9.93493395241717	-6.68739027462122	3.91075525982506	-1.70999968812172	NA	NA
"HA_vRNA_300.0:1687.0"	1.38334523388087	-3.84906894993533	3.93518100428715	-0.978117384115747	0.32801627082543	0.757459417867572
"HA_vRNA_300.0:887.0"	2.89244912538728	-4.90961459386743	3.9204246519992	-1.25231703952371	0.210454362336104	0.700394079619155
"HA_vRNA_325.0:1487.0"	21.3789717963407	-21.9508085907316	3.90862068253119	-5.61599867923649	NA	NA
"HA_vRNA_325.0:781.0"	122.737837283681	-10.3134124551186	3.27032029411075	-3.15363986631254	0.00161247938491148	0.082057284254384
"HA_vRNA_325.0:987.0"	17.7809916628325	-7.52667333516821	3.90899580035729	-1.92547490956124	0.0541699719508638	0.508311813660345
"HA_vRNA_350.0:887.0"	9.6834166371661	-6.65042268787017	3.91085876002647	-1.70050188358763	NA	NA
"HA_vRNA_375.0:425.0"	47.332516695218	-8.939047261812	2.97088864716493	-3.00887994248536	0.0026221271098241	0.109175837845403
"HA_vRNA_375.0:731.0"	5.65913959314902	-5.87623420019989	3.91376285693113	-1.50142827120792	0.133244826190621	0.682512807240563
"HA_vRNA_375.0:831.0"	6.46066993746647	-6.06705322459072	3.91289678934092	-1.5505272822728	0.121015010475431	0.682512807240563
"HA_vRNA_375.0:881.0"	7.93300812574868	-6.3629984586682	3.91176053334207	-1.62663291999418	0.103815083264828	0.682512807240563
"HA_vRNA_400.0:881.0"	20.1539233402307	-7.70731510647728	3.90873331292236	-1.97181912641539	NA	NA
"HA_vRNA_450.0:781.0"	19.2705489282499	-21.8103998834636	3.9088236311265	-5.57978613048294	NA	NA
"HA_vRNA_475.0:681.0"	119.079600267234	-10.2698695906298	2.7369914528612	-3.75224759284283	0.000175256249430571	0.0160534724478403
"HA_vRNA_475.0:831.0"	1.90169890739309	-4.30612133287197	3.9274934251531	-1.09640446634334	0.272901810264257	0.729074403319459
"HA_vRNA_481.0:481.0"	20.4658380629309	-7.729473253664	3.90870331835609	-1.97750318305428	0.0479847810732475	0.497339835979803
"HA_vRNA_481.0:531.0"	13.4386722789111	-7.12289451163485	3.90971600295628	-1.82184447828153	NA	NA
"HA_vRNA_481.0:631.0"	12.8273830778044	-7.0558004295233	3.90985642156513	-1.80461880661562	NA	NA
"HA_vRNA_531.0:200.0"	44.5839260496153	-8.85250564111419	3.87997524502544	-2.28158817571429	0.0225136654670284	0.368259242282108
"HA_vRNA_531.0:275.0"	8.17431274565969	-6.40619909538065	3.91161328069465	-1.63773835389039	0.101476286134431	0.682512807240563
"HA_vRNA_531.0:300.0"	98.0008836943237	-24.0142000878869	3.90716979396038	-6.14618799648982	NA	NA
"HA_vRNA_531.0:325.0"	29.0215118596033	-8.23322844273278	3.9081320803894	-2.10669145089703	0.035144333737958	0.459888710056708
"HA_vRNA_531.0:350.0"	33.9514887404063	-8.45951979348771	3.90793361584713	-2.16470406743435	0.0304103553999443	0.433829568251277
"HA_vRNA_531.0:375.0"	7.41976079990649	-6.26660086887196	3.9121054205786	-1.60184867102716	0.109189077297999	0.682512807240563
"HA_vRNA_531.0:400.0"	2.76669046776174	-4.84563757910641	3.92104246940533	-1.23580339078585	0.216531654299595	0.700394079619155
"HA_vRNA_531.0:631.0"	1.64813905307401	-4.10040260062641	3.93065691274927	-1.04318506846186	0.296862587564013	0.729241996340317
"HA_vRNA_531.0:731.0"	4.40155301689368	-5.51416828217189	3.9157559893663	-1.40820017824049	0.159071803512588	0.700394079619155
"HA_vRNA_581.0:325.0"	7.16824348465542	-6.21689558721457	3.9122924472579	-1.58906719551907	0.112045222989341	0.682512807240563
"HA_vRNA_581.0:350.0"	20.7868017064944	-7.75190680990626	3.90867341635265	-1.98325774097031	NA	NA
"HA_vRNA_581.0:450.0"	1.51318896964243	-3.97783072790159	3.9327658143609	-1.01145883474072	0.311796874020744	0.74102579223783
"HA_vRNA_581.0:531.0"	4.90458764739582	-5.67005535823924	3.9148364283117	-1.44835051529458	0.147519046698641	0.700394079619155
"HA_vRNA_581.0:631.0"	5.40762227789795	-5.81072819663034	3.91408751067212	-1.48456777749267	0.137658356486686	0.685299209466327
"HA_vRNA_581.0:731.0"	5.32475694070064	-5.78839621737825	3.91420159354976	-1.47881913566153	0.139188660117732	0.685466734773347
"HA_vRNA_631.0:250.0"	22.7623170302216	-22.0370860382757	3.90850794280213	-5.63823493792791	NA	NA
"HA_vRNA_631.0:350.0"	5.68977767916918	-5.88396243841608	3.91372551573364	-1.50341724649873	0.132731481958823	0.682512807240563
"HA_vRNA_681.0:75.0"	3.16949817898848	-5.04114485129686	3.91923700035192	-1.28625670018021	0.19835348863993	0.700394079619155
"HA_vRNA_731.0:881.0"	2.02847883455263	-4.39893078064506	3.92620636496486	-1.12040233541938	0.262542350184382	0.729074403319459
"HA_vRNA_75.0:781.0"	6.45862739839845	-6.06659999632221	3.9128987139597	-1.55041069033526	0.121042974301103	0.682512807240563
"HA_vRNA_75.0:987.0"	3.14396644063834	-5.02963857910542	3.91933664806302	-1.28328822725425	0.199391115664267	0.700394079619155
"HA_vRNA_781.0:125.0"	1.88637986438301	-4.29471971266722	3.92765728545612	-1.09345581870656	0.274193717169407	0.729074403319459
"HA_vRNA_881.0:250.0"	10.5227339542417	-6.77021794783617	3.91053275591758	-1.73127764691171	NA	NA
"HA_vRNA_887.0:175.0"	2.76669046776174	-4.84563757910641	3.92104246940533	-1.23580339078585	0.216531654299595	0.700394079619155
